Year,Names,Number,Rank
2021,Olivia,493,1
2021,Amelia,489,2
2021,Charlotte,486,3
2021,Isla,439,4
2021,Ava,414,5
2021,Mia,375,6
2021,Grace,367,7
2021,Chloe,335,8
2021,Matilda,326,9
2021,Ella,322,10
2021,Sienna,305,11
2021,Sophia,299,12
2021,Isabella,290,13
2021,Willow,275,14
2021,Lily,266,15
2021,Zoe,264,16
2021,Evie,258,17
2021,Harper,256,18
2021,Audrey,251,19
2021,Sophie,246,20
2021,Evelyn,245,21
2021,Mila,242,22
2021,Ivy,231,23
2021,Sofia,231,23
2021,Ruby,221,25
2021,Aria,219,26
2021,Hazel,210,27
2021,Maya,197,28
2021,Zara,193,29
2021,Lucy,192,30
2021,Florence,188,31
2021,Georgia,188,31
2021,Luna,184,33
2021,Violet,183,34
2021,Aurora,182,35
2021,Daisy,182,35
2021,Emily,182,35
2021,Layla,181,38
2021,Hannah,179,39
2021,Scarlett,178,40
2021,Frankie,176,41
2021,Ellie,167,42
2021,Isabelle,165,43
2021,Penelope,165,43
2021,Ayla,163,45
2021,Emilia,163,45
2021,Poppy,160,47
2021,Eleanor,155,48
2021,Abigail,151,49
2021,Emma,147,50
2021,Eva,142,51
2021,Elsie,141,52
2021,Billie,136,53
2021,Freya,134,54
2021,Mackenzie,134,54
2021,Lola,133,56
2021,Bonnie,130,57
2021,Alice,128,58
2021,Remi,126,59
2021,Stella,126,59
2021,Olive,124,61
2021,Eloise,123,62
2021,Millie,123,62
2021,Elena,119,64
2021,Harriet,119,64
2021,Piper,113,66
2021,Eliana,104,67
2021,Lara,104,67
2021,Addison,103,69
2021,Savannah,102,70
2021,Bella,100,71
2021,Ariana,99,72
2021,Phoebe,99,72
2021,Summer,98,74
2021,Aaliyah,97,75
2021,Sadie,96,76
2021,Rose,94,77
2021,Maeve,92,78
2021,Claire,89,79
2021,Imogen,88,80
2021,Anna,87,81
2021,Elizabeth,87,81
2021,Jasmine,87,81
2021,Leah,87,81
2021,Zoey,87,81
2021,Eden,86,86
2021,Pippa,84,87
2021,Riley,84,87
2021,Nora,83,89
2021,Charlie,82,90
2021,Gabriella,82,90
2021,Valentina,82,90
2021,Quinn,81,93
2021,Delilah,80,94
2021,Hallie,80,94
2021,Adeline,79,96
2021,Eliza,79,96
2021,Lyla,79,96
2021,Sarah,79,96
2021,Molly,78,100
2020,Amelia,514,1
2020,Olivia,476,2
2020,Charlotte,460,3
2020,Isla,420,4
2020,Mia,420,4
2020,Ava,391,6
2020,Chloe,375,7
2020,Grace,323,8
2020,Sophia,302,9
2020,Zoe,301,10
2020,Harper,293,11
2020,Ivy,291,12
2020,Ella,289,13
2020,Isabella,289,13
2020,Sophie,276,15
2020,Sienna,273,16
2020,Matilda,270,17
2020,Willow,266,18
2020,Lily,247,19
2020,Evelyn,245,20
2020,Mila,244,21
2020,Ruby,242,22
2020,Evie,240,23
2020,Layla,220,24
2020,Audrey,210,25
2020,Emily,209,26
2020,Lucy,206,27
2020,Aria,205,28
2020,Hannah,201,29
2020,Hazel,200,30
2020,Georgia,195,31
2020,Zara,192,32
2020,Sofia,190,33
2020,Scarlett,179,34
2020,Ellie,171,35
2020,Emma,170,36
2020,Frankie,166,37
2020,Abigail,164,38
2020,Isabelle,164,38
2020,Florence,157,40
2020,Eva,151,41
2020,Violet,151,41
2020,Emilia,150,43
2020,Elsie,141,44
2020,Eleanor,140,45
2020,Aurora,139,46
2020,Penelope,137,47
2020,Jasmine,136,48
2020,Poppy,135,49
2020,Alice,133,50
2020,Freya,132,51
2020,Bonnie,131,52
2020,Maya,131,52
2020,Stella,127,54
2020,Luna,124,55
2020,Ayla,123,56
2020,Billie,121,57
2020,Elizabeth,119,58
2020,Mackenzie,118,59
2020,Lola,114,60
2020,Eloise,113,61
2020,Harriet,112,62
2020,Savannah,112,62
2020,Aaliyah,111,64
2020,Rose,111,64
2020,Piper,110,66
2020,Daisy,108,67
2020,Lara,106,68
2020,Millie,106,68
2020,Hallie,105,70
2020,Elena,103,71
2020,Ariana,101,72
2020,Sadie,101,72
2020,Sarah,101,72
2020,Anna,100,75
2020,Remi,99,76
2020,Phoebe,97,77
2020,Olive,96,78
2020,Imogen,95,79
2020,Eliana,94,80
2020,Harlow,90,81
2020,Annabelle,89,82
2020,Molly,89,82
2020,Bella,88,84
2020,Addison,86,85
2020,Summer,84,86
2020,Clara,82,87
2020,Claire,81,88
2020,Eliza,81,88
2020,Gabriella,80,90
2020,Maddison,80,90
2020,Delilah,79,92
2020,Zoey,79,92
2020,Isabel,77,94
2020,Adeline,76,95
2020,Charlie,76,95
2020,Eden,76,95
2020,Maeve,76,95
2020,Chelsea,74,99
2020,Maryam,74,99
2019,Charlotte,504,1
2019,Olivia,483,2
2019,Amelia,467,3
2019,Mia,465,4
2019,Isla,408,5
2019,Ava,392,6
2019,Chloe,353,7
2019,Grace,323,8
2019,Sophia,319,9
2019,Ella,310,10
2019,Isabella,302,11
2019,Zoe,299,12
2019,Harper,295,13
2019,Willow,295,13
2019,Matilda,270,15
2019,Sophie,270,15
2019,Evelyn,263,17
2019,Ruby,259,18
2019,Ivy,258,19
2019,Evie,248,20
2019,Lily,243,21
2019,Sienna,241,22
2019,Emily,238,23
2019,Aria,237,24
2019,Mila,232,25
2019,Audrey,218,26
2019,Abigail,209,27
2019,Georgia,208,28
2019,Lucy,204,29
2019,Zara,198,30
2019,Scarlett,188,31
2019,Eva,186,32
2019,Hannah,183,33
2019,Ellie,181,34
2019,Sofia,179,35
2019,Layla,172,36
2019,Frankie,169,37
2019,Hazel,166,38
2019,Alice,156,39
2019,Emma,155,40
2019,Isabelle,154,41
2019,Emilia,149,42
2019,Luna,149,42
2019,Elsie,142,44
2019,Violet,139,45
2019,Eleanor,138,46
2019,Elizabeth,136,47
2019,Freya,131,48
2019,Penelope,131,48
2019,Florence,129,50
2019,Maya,126,51
2019,Aurora,125,52
2019,Stella,121,53
2019,Mackenzie,120,54
2019,Poppy,116,55
2019,Elena,112,56
2019,Jasmine,111,57
2019,Billie,110,58
2019,Phoebe,110,58
2019,Annabelle,109,60
2019,Ariana,109,60
2019,Daisy,106,62
2019,Ayla,105,63
2019,Claire,105,63
2019,Harriet,103,65
2019,Piper,103,65
2019,Sarah,103,65
2019,Lara,102,68
2019,Bella,101,69
2019,Anna,99,70
2019,Savannah,95,71
2019,Imogen,94,72
2019,Rose,94,72
2019,Summer,94,72
2019,Alyssa,93,75
2019,Charlie,91,76
2019,Olive,91,76
2019,Aaliyah,90,78
2019,Bonnie,90,78
2019,Sadie,90,78
2019,Eloise,87,81
2019,Leah,86,82
2019,Riley,86,82
2019,Victoria,85,84
2019,Lola,84,85
2019,Maddison,84,85
2019,Valentina,84,85
2019,Indiana,83,88
2019,Eden,81,89
2019,Isabel,80,90
2019,Rosie,79,91
2019,Alexis,76,92
2019,Clara,76,92
2019,Millie,76,92
2019,Gabriella,74,95
2019,Quinn,74,95
2019,Chelsea,72,97
2019,Heidi,72,97
2019,Madeline,72,97
2019,Peyton,72,97
2018,Charlotte,530,1
2018,Amelia,488,2
2018,Olivia,474,3
2018,Mia,471,4
2018,Ava,430,5
2018,Isla,372,6
2018,Grace,361,7
2018,Chloe,358,8
2018,Harper,325,9
2018,Emily,317,10
2018,Sophia,308,11
2018,Isabella,300,12
2018,Willow,299,13
2018,Zoe,297,14
2018,Ivy,295,15
2018,Ruby,276,16
2018,Ella,270,17
2018,Evelyn,263,18
2018,Evie,262,19
2018,Sophie,261,20
2018,Matilda,251,21
2018,Aria,246,22
2018,Lily,237,23
2018,Georgia,236,24
2018,Lucy,230,25
2018,Sienna,228,26
2018,Mila,226,27
2018,Audrey,217,28
2018,Hannah,212,29
2018,Scarlett,203,30
2018,Emma,202,31
2018,Zara,201,32
2018,Abigail,187,33
2018,Layla,185,34
2018,Eva,180,35
2018,Isabelle,175,36
2018,Alice,161,37
2018,Emilia,159,38
2018,Violet,155,39
2018,Hazel,154,40
2018,Sofia,154,40
2018,Stella,146,42
2018,Ellie,143,43
2018,Frankie,141,44
2018,Aurora,140,45
2018,Eleanor,140,45
2018,Penelope,138,47
2018,Florence,135,48
2018,Annabelle,134,49
2018,Maya,130,50
2018,Elizabeth,124,51
2018,Rose,123,52
2018,Luna,122,53
2018,Ariana,119,54
2018,Piper,117,55
2018,Freya,116,56
2018,Savannah,116,56
2018,Phoebe,115,58
2018,Ayla,113,59
2018,Daisy,110,60
2018,Poppy,108,61
2018,Sarah,107,62
2018,Eloise,106,63
2018,Jasmine,104,64
2018,Elsie,102,65
2018,Claire,101,66
2018,Victoria,98,67
2018,Elena,97,68
2018,Lara,97,68
2018,Imogen,94,70
2018,Mackenzie,94,70
2018,Maddison,93,72
2018,Aaliyah,91,73
2018,Harriet,90,74
2018,Billie,88,75
2018,Chelsea,88,75
2018,Olive,88,75
2018,Eliza,87,78
2018,Indiana,87,78
2018,Lola,87,78
2018,Thea,87,78
2018,Alyssa,84,82
2018,Summer,84,82
2018,Clara,83,84
2018,Eden,82,85
2018,Anna,81,86
2018,Bella,81,86
2018,Madeleine,80,88
2018,Madison,79,89
2018,Adeline,77,90
2018,Maryam,77,90
2018,Addison,76,92
2018,Gabriella,76,92
2018,Alexis,75,94
2018,Charlie,74,95
2018,Hayley,73,96
2018,Bonnie,71,97
2018,Harlow,71,97
2018,Kiara,71,97
2018,Quinn,70,100
2017,Charlotte,577,1
2017,Olivia,550,2
2017,Ava,464,3
2017,Amelia,442,4
2017,Mia,418,5
2017,Isla,392,6
2017,Chloe,378,7
2017,Grace,353,8
2017,Ella,351,9
2017,Zoe,339,10
2017,Isabella,334,11
2017,Harper,308,12
2017,Sophie,299,13
2017,Emily,293,14
2017,Sophia,288,15
2017,Ruby,287,16
2017,Evelyn,284,17
2017,Ivy,282,18
2017,Evie,280,19
2017,Sienna,273,20
2017,Willow,272,21
2017,Lily,258,22
2017,Aria,248,23
2017,Emma,248,23
2017,Matilda,238,25
2017,Georgia,229,26
2017,Audrey,224,27
2017,Hannah,213,28
2017,Isabelle,207,29
2017,Zara,207,29
2017,Mila,203,31
2017,Scarlett,203,31
2017,Eva,198,33
2017,Lucy,198,33
2017,Abigail,194,35
2017,Layla,185,36
2017,Alice,160,37
2017,Sofia,157,38
2017,Annabelle,150,39
2017,Maya,142,40
2017,Violet,141,41
2017,Phoebe,132,42
2017,Elizabeth,131,43
2017,Ellie,131,43
2017,Stella,127,45
2017,Sarah,120,46
2017,Aurora,119,47
2017,Anna,118,48
2017,Claire,118,48
2017,Piper,118,48
2017,Savannah,118,48
2017,Hazel,117,52
2017,Jasmine,116,53
2017,Mackenzie,114,54
2017,Penelope,114,54
2017,Emilia,112,56
2017,Poppy,112,56
2017,Florence,108,58
2017,Chelsea,107,59
2017,Eleanor,107,59
2017,Summer,106,61
2017,Frankie,105,62
2017,Imogen,105,62
2017,Harriet,104,64
2017,Aaliyah,101,65
2017,Alexis,101,65
2017,Elsie,101,65
2017,Maddison,101,65
2017,Ariana,100,69
2017,Eloise,100,69
2017,Luna,100,69
2017,Lara,98,72
2017,Bella,96,73
2017,Daisy,95,74
2017,Rose,95,74
2017,Indiana,93,76
2017,Lola,92,77
2017,Addison,91,78
2017,Madeleine,91,78
2017,Bonnie,90,80
2017,Elena,89,81
2017,Madison,88,82
2017,Ayla,87,83
2017,Eden,87,83
2017,Maryam,86,85
2017,Lillian,83,86
2017,Olive,83,86
2017,Billie,81,88
2017,Lilly,81,88
2017,Freya,79,90
2017,Alyssa,78,91
2017,Eliza,77,92
2017,Isabel,77,92
2017,Zahra,77,92
2017,Victoria,76,95
2017,Jessica,75,96
2017,Harlow,74,97
2017,Millie,73,98
2017,Mariam,72,99
2017,Eliana,71,100
2016,Olivia,652,1
2016,Charlotte,589,2
2016,Amelia,497,3
2016,Ava,482,4
2016,Mia,454,5
2016,Chloe,440,6
2016,Emily,397,7
2016,Grace,361,8
2016,Isla,360,9
2016,Ruby,353,10
2016,Isabella,345,11
2016,Zoe,341,12
2016,Sophia,337,13
2016,Evie,332,14
2016,Ivy,330,15
2016,Sophie,325,16
2016,Ella,322,17
2016,Evelyn,309,18
2016,Harper,293,19
2016,Sienna,288,20
2016,Matilda,281,21
2016,Scarlett,281,21
2016,Zara,262,23
2016,Lily,257,24
2016,Georgia,253,25
2016,Eva,239,26
2016,Emma,233,27
2016,Hannah,230,28
2016,Lucy,220,29
2016,Layla,217,30
2016,Willow,213,31
2016,Abigail,210,32
2016,Aria,207,33
2016,Audrey,200,34
2016,Isabelle,200,34
2016,Annabelle,172,36
2016,Sofia,169,37
2016,Alice,168,38
2016,Mila,166,39
2016,Ellie,158,40
2016,Stella,156,41
2016,Jasmine,149,42
2016,Savannah,148,43
2016,Violet,146,44
2016,Maddison,144,45
2016,Eleanor,135,46
2016,Elizabeth,135,46
2016,Emilia,133,48
2016,Imogen,133,48
2016,Maya,131,50
2016,Piper,128,51
2016,Penelope,124,52
2016,Mackenzie,122,53
2016,Rose,118,54
2016,Sarah,118,54
2016,Anna,117,56
2016,Ariana,117,56
2016,Phoebe,117,56
2016,Frankie,116,59
2016,Poppy,116,59
2016,Claire,114,61
2016,Alexis,113,62
2016,Bella,112,63
2016,Chelsea,108,64
2016,Hazel,108,64
2016,Madeleine,107,66
2016,Indiana,104,67
2016,Addison,101,68
2016,Madison,101,68
2016,Elsie,100,70
2016,Lara,100,70
2016,Jessica,98,72
2016,Aaliyah,96,73
2016,Summer,96,73
2016,Alyssa,95,75
2016,Billie,95,75
2016,Eloise,95,75
2016,Eden,93,78
2016,Aisha,92,79
2016,Aurora,92,79
2016,Harriet,92,79
2016,Florence,89,82
2016,Victoria,89,82
2016,Daisy,88,84
2016,Lola,85,85
2016,Madeline,83,86
2016,Ayla,81,87
2016,Isabel,81,87
2016,Hayley,80,89
2016,Heidi,80,89
2016,Thea,79,91
2016,Olive,78,92
2016,Paige,78,92
2016,Bonnie,77,94
2016,Lilly,76,95
2016,Molly,76,95
2016,Josephine,75,97
2016,Eve,73,98
2016,Freya,73,98
2016,Amelie,72,100
2015,Charlotte,630,1
2015,Olivia,603,2
2015,Mia,516,3
2015,Amelia,475,4
2015,Ava,474,5
2015,Chloe,466,6
2015,Emily,427,7
2015,Zoe,368,8
2015,Grace,365,9
2015,Sophia,363,10
2015,Isabella,347,11
2015,Sophie,339,12
2015,Ruby,331,13
2015,Isla,323,14
2015,Ella,322,15
2015,Ivy,322,15
2015,Evie,319,17
2015,Sienna,297,18
2015,Harper,282,19
2015,Matilda,281,20
2015,Scarlett,277,21
2015,Evelyn,266,22
2015,Lily,254,23
2015,Emma,244,24
2015,Georgia,244,24
2015,Eva,240,26
2015,Lucy,229,27
2015,Hannah,225,28
2015,Zara,224,29
2015,Isabelle,216,30
2015,Willow,212,31
2015,Audrey,199,32
2015,Abigail,198,33
2015,Aria,195,34
2015,Sofia,180,35
2015,Layla,178,36
2015,Annabelle,176,37
2015,Violet,166,38
2015,Mila,161,39
2015,Imogen,154,40
2015,Sarah,153,41
2015,Piper,151,42
2015,Stella,149,43
2015,Savannah,140,44
2015,Ellie,132,45
2015,Maddison,131,46
2015,Alice,130,47
2015,Elizabeth,130,47
2015,Jessica,130,47
2015,Ariana,129,50
2015,Mackenzie,127,51
2015,Jasmine,124,52
2015,Victoria,122,53
2015,Alexis,121,54
2015,Maya,120,55
2015,Claire,118,56
2015,Madison,118,56
2015,Phoebe,118,56
2015,Chelsea,115,59
2015,Eleanor,115,59
2015,Alyssa,112,61
2015,Summer,110,62
2015,Indiana,109,63
2015,Eden,107,64
2015,Anna,105,65
2015,Hazel,103,66
2015,Lara,103,66
2015,Addison,102,68
2015,Isabel,98,69
2015,Madeleine,97,70
2015,Penelope,96,71
2015,Elsie,95,72
2015,Frankie,95,72
2015,Poppy,95,72
2015,Bella,94,75
2015,Eloise,94,75
2015,Lilly,94,75
2015,Molly,92,78
2015,Aisha,91,79
2015,Aurora,91,79
2015,Emilia,91,79
2015,Rose,90,82
2015,Ayla,89,83
2015,Harriet,86,84
2015,Leah,86,84
2015,Lola,86,84
2015,Aaliyah,85,87
2015,Daisy,83,88
2015,Alexandra,82,89
2015,Eliza,82,89
2015,Olive,81,91
2015,Lillian,80,92
2015,Maryam,80,92
2015,Eve,79,94
2015,Paige,77,95
2015,Billie,76,96
2015,Charlie,76,96
2015,Holly,76,96
2015,Gabriella,75,99
2015,Mariam,75,99
2014,Olivia,639,1
2014,Mia,539,2
2014,Charlotte,524,3
2014,Amelia,498,4
2014,Ava,495,5
2014,Emily,443,6
2014,Chloe,431,7
2014,Ruby,423,8
2014,Isabella,406,9
2014,Sophie,397,10
2014,Grace,382,11
2014,Ella,376,12
2014,Isla,341,13
2014,Sophia,340,14
2014,Sienna,322,15
2014,Zoe,319,16
2014,Ivy,314,17
2014,Evie,300,18
2014,Scarlett,290,19
2014,Emma,285,20
2014,Lily,284,21
2014,Matilda,267,22
2014,Hannah,255,23
2014,Harper,251,24
2014,Zara,240,25
2014,Georgia,228,26
2014,Lucy,223,27
2014,Layla,216,28
2014,Annabelle,211,29
2014,Abigail,208,30
2014,Evelyn,203,31
2014,Eva,199,32
2014,Isabelle,195,33
2014,Jasmine,195,33
2014,Willow,191,35
2014,Maddison,171,36
2014,Audrey,170,37
2014,Sofia,170,37
2014,Imogen,164,39
2014,Jessica,164,39
2014,Mila,162,41
2014,Aria,160,42
2014,Maya,159,43
2014,Sarah,155,44
2014,Savannah,154,45
2014,Alexis,152,46
2014,Stella,146,47
2014,Alice,145,48
2014,Violet,143,49
2014,Elizabeth,135,50
2014,Ellie,134,51
2014,Poppy,134,51
2014,Chelsea,125,53
2014,Mackenzie,123,54
2014,Summer,123,54
2014,Bella,121,56
2014,Claire,120,57
2014,Madison,120,57
2014,Anna,119,59
2014,Victoria,118,60
2014,Phoebe,116,61
2014,Piper,108,62
2014,Addison,107,63
2014,Eloise,107,63
2014,Indiana,107,63
2014,Lola,107,63
2014,Holly,106,67
2014,Lilly,105,68
2014,Aaliyah,104,69
2014,Alyssa,103,70
2014,Lara,103,70
2014,Ariana,99,72
2014,Eden,99,72
2014,Madeleine,99,72
2014,Rose,99,72
2014,Paige,94,76
2014,Isabel,91,77
2014,Lillian,88,78
2014,Alexandra,87,79
2014,Hayley,86,80
2014,Eleanor,82,81
2014,Elise,82,81
2014,Emilia,82,81
2014,Lexi,78,84
2014,Madeline,78,84
2014,Molly,78,84
2014,Penelope,78,84
2014,Eliza,77,88
2014,Olive,77,88
2014,Hazel,75,90
2014,Amelie,74,91
2014,Elsie,74,91
2014,Natalie,74,91
2014,Charlie,72,94
2014,Harriet,72,94
2014,Jade,72,94
2014,Ayla,69,97
2014,Bonnie,68,98
2014,Aisha,67,99
2014,Aurora,67,99
2013,Charlotte,615,1
2013,Olivia,558,2
2013,Amelia,547,3
2013,Chloe,524,4
2013,Mia,518,5
2013,Emily,503,6
2013,Isabella,485,7
2013,Ava,480,8
2013,Sophie,454,9
2013,Ruby,410,10
2013,Sophia,404,11
2013,Grace,374,12
2013,Sienna,373,13
2013,Ella,372,14
2013,Zoe,312,15
2013,Ivy,307,16
2013,Lily,305,17
2013,Matilda,297,18
2013,Isla,295,19
2013,Emma,286,20
2013,Evie,248,21
2013,Hannah,248,21
2013,Scarlett,238,23
2013,Lucy,235,24
2013,Harper,234,25
2013,Eva,226,26
2013,Abigail,217,27
2013,Zara,216,28
2013,Layla,209,29
2013,Isabelle,196,30
2013,Georgia,194,31
2013,Sofia,194,31
2013,Imogen,181,33
2013,Annabelle,180,34
2013,Willow,180,34
2013,Sarah,178,36
2013,Savannah,177,37
2013,Maddison,172,38
2013,Jasmine,171,39
2013,Jessica,165,40
2013,Audrey,158,41
2013,Madison,150,42
2013,Elizabeth,147,43
2013,Evelyn,144,44
2013,Stella,143,45
2013,Alexis,139,46
2013,Chelsea,137,47
2013,Mackenzie,136,48
2013,Alice,132,49
2013,Ellie,132,49
2013,Mila,126,51
2013,Bella,124,52
2013,Lara,124,52
2013,Summer,123,54
2013,Victoria,122,55
2013,Poppy,119,56
2013,Addison,118,57
2013,Violet,117,58
2013,Lilly,115,59
2013,Claire,112,60
2013,Phoebe,110,61
2013,Anna,108,62
2013,Maya,107,63
2013,Alyssa,106,64
2013,Lola,106,64
2013,Madeleine,104,66
2013,Indiana,103,67
2013,Alexandra,102,68
2013,Aria,102,68
2013,Eliza,102,68
2013,Aaliyah,101,71
2013,Eloise,101,71
2013,Holly,101,71
2013,Eden,100,74
2013,Piper,96,75
2013,Molly,95,76
2013,Rose,94,77
2013,Caitlin,90,78
2013,Elsie,88,79
2013,Isabel,88,79
2013,Penelope,85,81
2013,Mikayla,83,82
2013,Paige,83,82
2013,Samantha,83,82
2013,Hayley,82,85
2013,Amelie,80,86
2013,Lillian,78,87
2013,Olive,76,88
2013,Ariana,74,89
2013,Emilia,74,89
2013,Skye,74,89
2013,Ayla,72,92
2013,Gabriella,72,92
2013,Daisy,70,94
2013,Eve,70,94
2013,Harriet,70,94
2013,Leah,70,94
2013,Lexi,70,94
2013,Jade,69,99
2013,Josephine,69,99
2012,Charlotte,567,1
2012,Ruby,549,2
2012,Emily,547,3
2012,Olivia,544,4
2012,Chloe,536,5
2012,Mia,519,6
2012,Amelia,517,7
2012,Sophie,503,8
2012,Isabella,497,9
2012,Ava,465,10
2012,Sienna,425,11
2012,Grace,421,12
2012,Sophia,415,13
2012,Ella,397,14
2012,Lily,368,15
2012,Zoe,339,16
2012,Emma,324,17
2012,Matilda,271,18
2012,Hannah,269,19
2012,Lucy,254,20
2012,Isla,239,21
2012,Ivy,238,22
2012,Scarlett,235,23
2012,Jessica,225,24
2012,Evie,211,25
2012,Eva,208,26
2012,Zara,208,26
2012,Georgia,204,28
2012,Layla,202,29
2012,Abigail,195,30
2012,Jasmine,195,30
2012,Isabelle,194,32
2012,Sarah,193,33
2012,Chelsea,181,34
2012,Sofia,180,35
2012,Audrey,176,36
2012,Harper,164,37
2012,Alexis,162,38
2012,Annabelle,160,39
2012,Elizabeth,160,39
2012,Savannah,158,41
2012,Madison,156,42
2012,Maddison,153,43
2012,Willow,153,43
2012,Summer,146,45
2012,Claire,145,46
2012,Lilly,143,47
2012,Alice,141,48
2012,Bella,140,49
2012,Maya,137,50
2012,Hayley,135,51
2012,Holly,132,52
2012,Stella,132,52
2012,Rose,126,54
2012,Addison,125,55
2012,Alyssa,125,55
2012,Imogen,124,57
2012,Mila,124,57
2012,Phoebe,123,59
2012,Mackenzie,122,60
2012,Molly,120,61
2012,Piper,116,62
2012,Lara,115,63
2012,Violet,113,64
2012,Aaliyah,111,65
2012,Evelyn,111,65
2012,Madeleine,107,67
2012,Ellie,106,68
2012,Victoria,104,69
2012,Gabriella,103,70
2012,Anna,100,71
2012,Indiana,99,72
2012,Eliza,98,73
2012,Poppy,98,73
2012,Eden,96,75
2012,Mikayla,96,75
2012,Tahlia,94,77
2012,Leah,92,78
2012,Eloise,91,79
2012,Isabel,91,79
2012,Paige,90,81
2012,Amelie,89,82
2012,Kayla,89,82
2012,Eve,88,84
2012,Alexandra,85,85
2012,Aria,85,85
2012,Lola,84,87
2012,Heidi,83,88
2012,Jade,83,88
2012,Amy,81,90
2012,Samantha,81,90
2012,Caitlin,78,92
2012,Angelina,77,93
2012,Charlie,77,93
2012,Mariam,77,93
2012,Elise,76,96
2012,Lauren,75,97
2012,Milla,75,97
2012,Skye,72,99
2012,Annabel,71,100
2011,Chloe,613,1
2011,Ruby,589,2
2011,Isabella,560,3
2011,Olivia,559,4
2011,Mia,531,5
2011,Sophie,519,6
2011,Charlotte,518,7
2011,Amelia,489,8
2011,Sienna,488,9
2011,Emily,473,10
2011,Ava,472,11
2011,Ella,457,12
2011,Grace,408,13
2011,Lily,395,14
2011,Sophia,369,15
2011,Zoe,332,16
2011,Emma,267,17
2011,Matilda,259,18
2011,Hannah,252,19
2011,Jessica,245,20
2011,Eva,239,21
2011,Isla,229,22
2011,Georgia,227,23
2011,Lucy,225,24
2011,Scarlett,224,25
2011,Zara,224,25
2011,Abigail,214,27
2011,Evie,204,28
2011,Isabelle,197,29
2011,Jasmine,196,30
2011,Sarah,190,31
2011,Sofia,187,32
2011,Ivy,186,33
2011,Maddison,178,34
2011,Layla,174,35
2011,Alexis,171,36
2011,Chelsea,171,36
2011,Madison,168,38
2011,Maya,165,39
2011,Lilly,164,40
2011,Summer,163,41
2011,Holly,161,42
2011,Savannah,157,43
2011,Elizabeth,153,44
2011,Imogen,148,45
2011,Annabelle,144,46
2011,Lara,140,47
2011,Hayley,137,48
2011,Alice,133,49
2011,Addison,132,50
2011,Audrey,130,51
2011,Bella,129,52
2011,Molly,127,53
2011,Stella,124,54
2011,Alyssa,121,55
2011,Willow,121,55
2011,Harper,118,57
2011,Natalie,116,58
2011,Ellie,115,59
2011,Anna,110,60
2011,Phoebe,110,60
2011,Lillian,108,62
2011,Claire,106,63
2011,Gabriella,104,64
2011,Paige,104,64
2011,Mikayla,102,66
2011,Rose,102,66
2011,Jade,100,68
2011,Evelyn,99,69
2011,Violet,99,69
2011,Madeleine,97,71
2011,Samantha,97,71
2011,Mila,96,73
2011,Victoria,95,74
2011,Piper,93,75
2011,Poppy,93,75
2011,Eliza,92,77
2011,Indiana,91,78
2011,Mackenzie,91,78
2011,Aaliyah,87,80
2011,Erin,86,81
2011,Leah,86,81
2011,Caitlin,85,83
2011,Milla,85,83
2011,Tahlia,85,83
2011,Amelie,84,86
2011,Lola,82,87
2011,Charli,81,88
2011,Angelina,80,89
2011,Ashley,80,89
2011,Alana,79,91
2011,Alexandra,79,91
2011,Eden,79,91
2011,Isabel,79,91
2011,Kayla,79,91
2011,Eloise,78,96
2011,Charlie,77,97
2011,Eve,77,97
2011,Madeline,77,97
2011,Amber,76,100
2010,Isabella,609,1
2010,Chloe,604,2
2010,Ruby,600,3
2010,Olivia,586,4
2010,Charlotte,550,5
2010,Mia,523,6
2010,Lily,485,7
2010,Emily,480,8
2010,Amelia,473,9
2010,Sienna,473,9
2010,Sophie,472,11
2010,Ella,461,12
2010,Grace,440,13
2010,Ava,426,14
2010,Zoe,322,15
2010,Emma,296,16
2010,Sophia,296,16
2010,Matilda,290,18
2010,Hannah,279,19
2010,Jessica,262,20
2010,Lucy,248,21
2010,Georgia,228,22
2010,Sarah,226,23
2010,Abigail,220,24
2010,Zara,217,25
2010,Eva,214,26
2010,Jasmine,212,27
2010,Scarlett,210,28
2010,Chelsea,196,29
2010,Ivy,187,30
2010,Evie,182,31
2010,Isla,182,31
2010,Maddison,180,33
2010,Isabelle,179,34
2010,Lilly,176,35
2010,Layla,172,36
2010,Annabelle,169,37
2010,Summer,168,38
2010,Alexis,162,39
2010,Elizabeth,158,40
2010,Holly,156,41
2010,Lara,148,42
2010,Madison,147,43
2010,Bella,144,44
2010,Alyssa,143,45
2010,Maya,143,45
2010,Tahlia,140,47
2010,Claire,137,48
2010,Hayley,134,49
2010,Imogen,130,50
2010,Jade,129,51
2010,Sofia,126,52
2010,Ellie,122,53
2010,Addison,121,54
2010,Molly,119,55
2010,Phoebe,115,56
2010,Savannah,113,57
2010,Alice,112,58
2010,Kayla,110,59
2010,Gabriella,109,60
2010,Mikayla,106,61
2010,Abbey,101,62
2010,Alexandra,101,62
2010,Willow,100,64
2010,Amy,99,65
2010,Eliza,99,65
2010,Samantha,97,67
2010,Stella,97,67
2010,Amelie,96,69
2010,Isabel,96,69
2010,Poppy,96,69
2010,Heidi,93,72
2010,Stephanie,93,72
2010,Paige,92,74
2010,Caitlin,91,75
2010,Piper,91,75
2010,Rose,91,75
2010,Victoria,91,75
2010,Audrey,90,79
2010,Gemma,90,79
2010,Claudia,89,81
2010,Anna,88,82
2010,Amber,86,83
2010,Madeline,86,83
2010,Taylor,86,83
2010,Angelina,83,86
2010,Natalie,83,86
2010,Lauren,82,88
2010,Violet,82,88
2010,Mackenzie,81,90
2010,Charli,80,91
2010,Skye,80,91
2010,Ashley,78,93
2010,Lillian,78,93
2010,Lola,78,93
2010,Leah,76,96
2010,Abby,75,97
2010,Alana,75,97
2010,Madeleine,75,97
2010,Aaliyah,74,100
2009,Isabella,616,1
2009,Chloe,601,2
2009,Charlotte,570,3
2009,Olivia,563,4
2009,Mia,536,5
2009,Emily,509,6
2009,Sienna,478,7
2009,Sophie,478,7
2009,Ruby,464,9
2009,Amelia,461,10
2009,Ella,459,11
2009,Ava,447,12
2009,Lily,432,13
2009,Grace,406,14
2009,Jessica,344,15
2009,Matilda,331,16
2009,Zoe,312,17
2009,Hannah,297,18
2009,Emma,269,19
2009,Sarah,265,20
2009,Jasmine,249,21
2009,Georgia,248,22
2009,Lucy,247,23
2009,Zara,225,24
2009,Sophia,221,25
2009,Chelsea,220,26
2009,Isabelle,219,27
2009,Madison,194,28
2009,Abigail,188,29
2009,Holly,187,30
2009,Eva,182,31
2009,Lara,181,32
2009,Maddison,178,33
2009,Isla,171,34
2009,Lilly,171,34
2009,Tahlia,168,36
2009,Hayley,165,37
2009,Scarlett,157,38
2009,Summer,152,39
2009,Elizabeth,150,40
2009,Evie,150,40
2009,Alyssa,149,42
2009,Annabelle,142,43
2009,Bella,139,44
2009,Layla,138,45
2009,Molly,138,45
2009,Samantha,136,47
2009,Charli,135,48
2009,Caitlin,132,49
2009,Claire,130,50
2009,Jade,130,50
2009,Paige,130,50
2009,Maya,128,53
2009,Mikayla,127,54
2009,Ivy,116,55
2009,Anna,114,56
2009,Gabriella,113,57
2009,Alexis,112,58
2009,Imogen,112,58
2009,Sofia,111,60
2009,Kayla,110,61
2009,Phoebe,108,62
2009,Stella,108,62
2009,Keira,106,64
2009,Taylor,106,64
2009,Eliza,104,66
2009,Amber,103,67
2009,Amelie,103,67
2009,Madeline,100,69
2009,Alice,99,70
2009,Angelina,99,70
2009,Poppy,98,72
2009,Savannah,98,72
2009,Amy,97,74
2009,Isabel,97,74
2009,Alexandra,96,76
2009,Madeleine,96,76
2009,Natalie,96,76
2009,Addison,94,79
2009,Lillian,94,79
2009,Rose,94,79
2009,Kiara,91,82
2009,Ellie,90,83
2009,Stephanie,89,84
2009,Violet,89,84
2009,Audrey,88,86
2009,Skye,88,86
2009,Willow,87,88
2009,Talia,86,89
2009,Laura,85,90
2009,Gabrielle,83,91
2009,Katie,83,91
2009,Mariam,82,93
2009,Abby,81,94
2009,Lauren,81,94
2009,Abbey,80,96
2009,Alana,80,96
2009,Aaliyah,79,98
2009,Alicia,79,98
2009,Piper,78,100
2008,Chloe,634,1
2008,Mia,631,2
2008,Isabella,573,3
2008,Olivia,563,4
2008,Emily,562,5
2008,Charlotte,529,6
2008,Ella,507,7
2008,Sophie,483,8
2008,Ava,468,9
2008,Sienna,467,10
2008,Amelia,449,11
2008,Grace,427,12
2008,Lily,390,13
2008,Ruby,390,13
2008,Matilda,375,15
2008,Jessica,358,16
2008,Zoe,355,17
2008,Hannah,345,18
2008,Sarah,307,19
2008,Emma,297,20
2008,Jasmine,266,21
2008,Georgia,260,22
2008,Lucy,230,23
2008,Sophia,227,24
2008,Madison,225,25
2008,Chelsea,196,26
2008,Holly,196,26
2008,Lara,188,28
2008,Zara,183,29
2008,Isabelle,180,30
2008,Maddison,178,31
2008,Elizabeth,177,32
2008,Hayley,172,33
2008,Abigail,171,34
2008,Eva,170,35
2008,Lilly,152,36
2008,Alyssa,149,37
2008,Imogen,149,37
2008,Summer,149,37
2008,Jade,148,40
2008,Samantha,148,40
2008,Amy,147,42
2008,Mikayla,147,42
2008,Molly,145,44
2008,Scarlett,145,44
2008,Tahlia,144,46
2008,Paige,141,47
2008,Layla,137,48
2008,Evie,135,49
2008,Caitlin,131,50
2008,Maya,130,51
2008,Phoebe,128,52
2008,Angelina,126,53
2008,Claire,124,54
2008,Bella,122,55
2008,Isabel,121,56
2008,Keira,121,56
2008,Gabriella,119,58
2008,Lauren,118,59
2008,Stephanie,116,60
2008,Natalie,114,61
2008,Sofia,114,61
2008,Anna,111,63
2008,Mackenzie,111,63
2008,Madeleine,111,63
2008,Kayla,110,66
2008,Alexis,107,67
2008,Annabelle,107,67
2008,Abbey,106,69
2008,Savannah,106,69
2008,Alexandra,105,71
2008,Isla,104,72
2008,Amelie,103,73
2008,Laura,102,74
2008,Bianca,101,75
2008,Stella,101,75
2008,Amber,97,77
2008,Gemma,96,78
2008,Natasha,95,79
2008,Claudia,94,80
2008,Madeline,94,80
2008,Ashley,93,82
2008,Brooke,93,82
2008,Kate,93,82
2008,Audrey,92,85
2008,Kiara,92,85
2008,Brianna,91,87
2008,Eliza,91,87
2008,Ellie,88,89
2008,Abby,87,90
2008,Charli,85,91
2008,Katie,85,91
2008,Mariam,85,91
2008,Rebecca,84,94
2008,Rose,84,94
2008,Alice,82,96
2008,Alicia,82,96
2008,Alana,80,98
2008,Mary,79,99
2008,Addison,78,100
2007,Isabella,623,1
2007,Ella,587,2
2007,Emily,571,3
2007,Chloe,560,4
2007,Mia,526,5
2007,Olivia,526,5
2007,Charlotte,496,7
2007,Sophie,455,8
2007,Sienna,445,9
2007,Jessica,439,10
2007,Lily,425,11
2007,Ava,421,12
2007,Hannah,407,13
2007,Amelia,388,14
2007,Grace,370,15
2007,Sarah,345,16
2007,Zoe,327,17
2007,Ruby,321,18
2007,Emma,310,19
2007,Georgia,308,20
2007,Jasmine,267,21
2007,Lucy,246,22
2007,Madison,228,23
2007,Chelsea,223,24
2007,Sophia,219,25
2007,Matilda,218,26
2007,Hayley,203,27
2007,Holly,203,27
2007,Lara,199,29
2007,Isabelle,192,30
2007,Maddison,186,31
2007,Alyssa,178,32
2007,Zara,168,33
2007,Caitlin,163,34
2007,Jade,160,35
2007,Elizabeth,159,36
2007,Lilly,159,36
2007,Imogen,158,38
2007,Samantha,156,39
2007,Claire,154,40
2007,Eva,153,41
2007,Bella,152,42
2007,Abigail,146,43
2007,Tahlia,146,43
2007,Lauren,141,45
2007,Annabelle,140,46
2007,Keira,138,47
2007,Amy,137,48
2007,Scarlett,136,49
2007,Summer,135,50
2007,Natalie,133,51
2007,Angelina,132,52
2007,Abbey,129,53
2007,Maya,129,53
2007,Molly,129,53
2007,Phoebe,129,53
2007,Paige,127,57
2007,Kiara,126,58
2007,Anna,122,59
2007,Eliza,119,60
2007,Layla,115,61
2007,Sofia,115,61
2007,Mackenzie,114,63
2007,Kayla,113,64
2007,Kate,110,65
2007,Isabel,109,66
2007,Madeleine,109,66
2007,Savannah,109,66
2007,Mikayla,108,69
2007,Ellie,106,70
2007,Rachel,106,70
2007,Alexandra,103,72
2007,Bianca,103,72
2007,Amber,102,74
2007,Laura,102,74
2007,Gabrielle,100,76
2007,Ashley,98,77
2007,Erin,97,78
2007,Brianna,96,79
2007,Brooke,96,79
2007,Alice,95,81
2007,Rebecca,95,81
2007,Victoria,95,81
2007,Amelie,94,84
2007,Natasha,94,84
2007,Stephanie,93,86
2007,Alexis,92,87
2007,Evie,92,87
2007,Makayla,89,89
2007,Skye,89,89
2007,Katie,88,91
2007,Alana,87,92
2007,Lillian,87,92
2007,Sara,87,92
2007,Gabriella,85,95
2007,Madeline,84,96
2007,Gemma,82,97
2007,Caitlyn,81,98
2007,Tara,81,98
2007,Stella,80,100
2006,Chloe,619,1
2006,Charlotte,575,2
2006,Emily,564,3
2006,Ella,562,4
2006,Olivia,551,5
2006,Jessica,516,6
2006,Isabella,509,7
2006,Mia,487,8
2006,Sophie,442,9
2006,Sienna,390,10
2006,Lily,372,11
2006,Hannah,365,12
2006,Grace,364,13
2006,Amelia,363,14
2006,Georgia,343,15
2006,Sarah,342,16
2006,Ava,337,17
2006,Emma,311,18
2006,Zoe,305,19
2006,Jasmine,293,20
2006,Ruby,271,21
2006,Lucy,228,22
2006,Hayley,224,23
2006,Sophia,219,24
2006,Chelsea,209,25
2006,Madison,208,26
2006,Matilda,199,27
2006,Jade,198,28
2006,Caitlin,189,29
2006,Holly,182,30
2006,Maddison,181,31
2006,Lara,178,32
2006,Isabelle,175,33
2006,Alyssa,169,34
2006,Angelina,155,35
2006,Elizabeth,150,36
2006,Imogen,149,37
2006,Amy,143,38
2006,Kayla,143,38
2006,Alexandra,138,40
2006,Lauren,138,40
2006,Molly,137,42
2006,Phoebe,137,42
2006,Samantha,137,42
2006,Keira,136,45
2006,Tahlia,135,46
2006,Laura,133,47
2006,Paige,132,48
2006,Summer,132,48
2006,Lilly,130,50
2006,Natalie,130,50
2006,Bella,129,52
2006,Brooke,126,53
2006,Eva,126,53
2006,Ellie,125,55
2006,Mikayla,125,55
2006,Abbey,124,57
2006,Maya,124,57
2006,Annabelle,123,59
2006,Mackenzie,119,60
2006,Kate,118,61
2006,Abigail,116,62
2006,Kiara,116,62
2006,Claire,113,64
2006,Zara,113,64
2006,Ashley,112,66
2006,Stephanie,109,67
2006,Eliza,108,68
2006,Isabel,108,68
2006,Amber,107,70
2006,Scarlett,106,71
2006,Claudia,100,72
2006,Makayla,100,72
2006,Alana,99,74
2006,Brianna,99,74
2006,Jorja,99,74
2006,Bianca,98,77
2006,Erin,98,77
2006,Anna,97,79
2006,Madeleine,96,80
2006,Rachel,94,81
2006,Abby,93,82
2006,Katie,93,82
2006,Layla,92,84
2006,Ebony,91,85
2006,Kaitlyn,91,85
2006,Sofia,90,87
2006,Gabrielle,89,88
2006,Gemma,89,88
2006,Natasha,89,88
2006,Tara,89,88
2006,Charli,87,92
2006,Stella,86,93
2006,Alice,84,94
2006,Skye,84,94
2006,Gabriella,83,96
2006,Madeline,81,97
2006,Rebecca,81,97
2006,Charlize,80,99
2006,Tiana,79,100
2005,Emily,592,1
2005,Olivia,592,1
2005,Charlotte,590,3
2005,Chloe,560,4
2005,Ella,545,5
2005,Jessica,523,6
2005,Isabella,516,7
2005,Sophie,464,8
2005,Mia,398,9
2005,Grace,386,10
2005,Emma,374,11
2005,Sarah,374,11
2005,Hannah,346,13
2005,Sienna,346,13
2005,Lily,332,15
2005,Amelia,330,16
2005,Georgia,325,17
2005,Zoe,301,18
2005,Jasmine,293,19
2005,Ruby,290,20
2005,Hayley,277,21
2005,Ava,232,22
2005,Jade,231,23
2005,Caitlin,215,24
2005,Lucy,214,25
2005,Sophia,209,26
2005,Madison,205,27
2005,Holly,198,28
2005,Chelsea,197,29
2005,Maddison,194,30
2005,Lara,184,31
2005,Molly,172,32
2005,Samantha,171,33
2005,Alyssa,166,34
2005,Amy,166,34
2005,Paige,165,36
2005,Isabelle,162,37
2005,Alexandra,159,38
2005,Lauren,157,39
2005,Tahlia,155,40
2005,Elizabeth,153,41
2005,Abbey,152,42
2005,Bella,149,43
2005,Laura,148,44
2005,Ashley,139,45
2005,Kayla,137,46
2005,Natalie,136,47
2005,Imogen,135,48
2005,Kiara,128,49
2005,Phoebe,124,50
2005,Claudia,122,51
2005,Tara,122,51
2005,Matilda,120,53
2005,Angelina,119,54
2005,Bianca,119,54
2005,Ellie,117,56
2005,Mikayla,115,57
2005,Stephanie,115,57
2005,Abigail,114,59
2005,Natasha,113,60
2005,Anna,111,61
2005,Jorja,111,61
2005,Summer,111,61
2005,Lilly,110,64
2005,Mackenzie,110,64
2005,Zara,110,64
2005,Amber,107,67
2005,Brooke,107,67
2005,Kate,107,67
2005,Rebecca,103,70
2005,Abby,102,71
2005,Maya,102,71
2005,Skye,102,71
2005,Alicia,101,74
2005,Eliza,100,75
2005,Erin,100,75
2005,Taylor,100,75
2005,Eva,99,78
2005,Sofia,99,78
2005,Victoria,97,80
2005,Brianna,95,81
2005,Tayla,94,82
2005,Makayla,93,83
2005,Gabrielle,91,84
2005,Tiana,91,84
2005,Ebony,89,86
2005,Ashleigh,88,87
2005,Rachel,88,87
2005,Layla,87,89
2005,Scarlett,87,89
2005,Taylah,87,89
2005,Annabelle,85,92
2005,Monique,84,93
2005,Alice,83,94
2005,Madeline,83,94
2005,Alana,82,96
2005,Claire,82,96
2005,Gemma,82,96
2005,Mariam,82,96
2005,Talia,81,100
2004,Emily,622,1
2004,Olivia,531,2
2004,Chloe,527,3
2004,Jessica,523,4
2004,Sophie,504,5
2004,Charlotte,503,6
2004,Isabella,477,7
2004,Ella,464,8
2004,Emma,391,9
2004,Grace,384,10
2004,Sarah,375,11
2004,Mia,374,12
2004,Hannah,364,13
2004,Jasmine,333,14
2004,Georgia,332,15
2004,Lily,319,16
2004,Zoe,257,17
2004,Amelia,252,18
2004,Hayley,246,19
2004,Ruby,231,20
2004,Holly,217,21
2004,Madison,217,21
2004,Jade,216,23
2004,Maddison,216,23
2004,Alyssa,207,25
2004,Caitlin,205,26
2004,Lara,191,27
2004,Amy,189,28
2004,Paige,184,29
2004,Lucy,179,30
2004,Sophia,176,31
2004,Tahlia,174,32
2004,Samantha,172,33
2004,Chelsea,171,34
2004,Molly,162,35
2004,Lauren,161,36
2004,Elizabeth,153,37
2004,Abbey,150,38
2004,Phoebe,147,39
2004,Brooke,144,40
2004,Imogen,143,41
2004,Laura,139,42
2004,Bianca,135,43
2004,Natalie,135,43
2004,Kayla,134,45
2004,Sienna,132,46
2004,Amber,129,47
2004,Ashley,129,47
2004,Stephanie,128,49
2004,Gabrielle,127,50
2004,Angelina,126,51
2004,Mikayla,126,51
2004,Claudia,125,53
2004,Brianna,122,54
2004,Rachel,122,54
2004,Mackenzie,121,56
2004,Ava,120,57
2004,Anna,119,58
2004,Taylah,117,59
2004,Isabelle,116,60
2004,Natasha,113,61
2004,Tara,111,62
2004,Kate,110,63
2004,Alexandra,109,64
2004,Eliza,109,64
2004,Erin,109,64
2004,Ashleigh,108,67
2004,Paris,105,68
2004,Abby,98,69
2004,Jorja,98,69
2004,Abigail,96,71
2004,Claire,96,71
2004,Ellie,96,71
2004,Maya,96,71
2004,Kiara,94,75
2004,Rebecca,93,76
2004,Taylor,92,77
2004,Tayla,91,78
2004,Annabelle,90,79
2004,Ebony,90,79
2004,Matilda,89,81
2004,Victoria,88,82
2004,Alana,86,83
2004,Zara,86,83
2004,Kaitlyn,85,85
2004,Lilly,85,85
2004,Jordan,84,87
2004,Alicia,81,88
2004,Caitlyn,79,89
2004,Sofia,79,89
2004,Megan,78,91
2004,Tiana,77,92
2004,Scarlett,76,93
2004,Courtney,75,94
2004,Layla,75,94
2004,Madeline,75,94
2004,Monique,74,97
2004,Bella,73,98
2004,Gemma,73,98
2004,Bethany,72,100
2003,Emily,695,1
2003,Jessica,592,2
2003,Chloe,551,3
2003,Olivia,551,3
2003,Isabella,482,5
2003,Sarah,453,6
2003,Emma,421,7
2003,Georgia,418,8
2003,Ella,411,9
2003,Grace,408,10
2003,Sophie,406,11
2003,Charlotte,396,12
2003,Hannah,381,13
2003,Mia,324,14
2003,Zoe,303,15
2003,Lily,301,16
2003,Jasmine,270,17
2003,Hayley,266,18
2003,Holly,242,19
2003,Amelia,231,20
2003,Jade,228,21
2003,Caitlin,224,22
2003,Ruby,224,22
2003,Maddison,215,24
2003,Madison,210,25
2003,Lara,208,26
2003,Amy,204,27
2003,Lauren,203,28
2003,Lucy,203,28
2003,Chelsea,190,30
2003,Alyssa,186,31
2003,Elizabeth,183,32
2003,Paige,183,32
2003,Samantha,176,34
2003,Brooke,163,35
2003,Stephanie,162,36
2003,Laura,160,37
2003,Claudia,159,38
2003,Alexandra,158,39
2003,Imogen,154,40
2003,Sophia,154,40
2003,Abbey,149,42
2003,Tahlia,149,42
2003,Rachel,143,44
2003,Bianca,140,45
2003,Brianna,140,45
2003,Ashleigh,137,47
2003,Ashley,137,47
2003,Natalie,137,47
2003,Erin,135,50
2003,Tara,134,51
2003,Isabelle,131,52
2003,Kayla,129,53
2003,Molly,129,53
2003,Courtney,126,55
2003,Natasha,126,55
2003,Claire,124,57
2003,Paris,122,58
2003,Phoebe,122,58
2003,Anna,117,60
2003,Gabrielle,114,61
2003,Ebony,113,62
2003,Rebecca,111,63
2003,Amber,108,64
2003,Monique,107,65
2003,Angelina,101,66
2003,Mikayla,101,66
2003,Taylah,101,66
2003,Kate,100,69
2003,Eliza,99,70
2003,Gemma,99,70
2003,Annabelle,98,72
2003,Victoria,98,72
2003,Maya,96,74
2003,Alana,95,75
2003,Mackenzie,95,75
2003,Kiara,94,77
2003,Madeleine,94,77
2003,Angela,91,79
2003,Ava,91,79
2003,Jorja,91,79
2003,Tiana,91,79
2003,Jacinta,90,83
2003,Jordan,90,83
2003,Tayla,90,83
2003,Ellie,88,86
2003,Jemma,88,86
2003,Jennifer,88,86
2003,Madeline,87,89
2003,Kaitlyn,85,90
2003,Sienna,84,91
2003,Lillian,82,92
2003,Lilly,82,92
2003,Taylor,82,92
2003,Abigail,78,95
2003,Bethany,78,95
2003,Bronte,78,95
2003,Alicia,77,98
2003,Caitlyn,76,99
2003,Christina,75,100
2002,Emily,675,1
2002,Jessica,633,2
2002,Chloe,578,3
2002,Isabella,503,4
2002,Sarah,478,5
2002,Olivia,474,6
2002,Sophie,463,7
2002,Georgia,453,8
2002,Hannah,405,9
2002,Grace,404,10
2002,Ella,383,11
2002,Emma,341,12
2002,Jasmine,328,13
2002,Charlotte,315,14
2002,Caitlin,292,15
2002,Lauren,264,16
2002,Jade,259,17
2002,Amy,246,18
2002,Zoe,243,19
2002,Maddison,230,20
2002,Mia,228,21
2002,Holly,221,22
2002,Lily,220,23
2002,Madison,217,24
2002,Lara,215,25
2002,Hayley,212,26
2002,Samantha,210,27
2002,Chelsea,204,28
2002,Alyssa,203,29
2002,Ruby,194,30
2002,Lucy,191,31
2002,Laura,190,32
2002,Amelia,182,33
2002,Stephanie,182,33
2002,Alexandra,171,35
2002,Elizabeth,169,36
2002,Abbey,166,37
2002,Kayla,163,38
2002,Claudia,159,39
2002,Brooke,155,40
2002,Brianna,153,41
2002,Natalie,153,41
2002,Paige,151,43
2002,Rebecca,150,44
2002,Ashley,146,45
2002,Phoebe,145,46
2002,Tahlia,145,46
2002,Courtney,142,48
2002,Gabrielle,142,48
2002,Anna,141,50
2002,Taylah,141,50
2002,Ashleigh,138,52
2002,Erin,137,53
2002,Bianca,136,54
2002,Sophia,136,54
2002,Ebony,135,56
2002,Tara,131,57
2002,Tayla,130,58
2002,Amber,129,59
2002,Isabelle,127,60
2002,Natasha,127,60
2002,Molly,126,62
2002,Kate,124,63
2002,Mikayla,122,64
2002,Rachel,122,64
2002,Kiara,118,66
2002,Alicia,117,67
2002,Taylor,117,67
2002,Madeline,115,69
2002,Monique,113,70
2002,Angela,104,71
2002,Mackenzie,103,72
2002,Madeleine,103,72
2002,Victoria,103,72
2002,Claire,102,75
2002,Danielle,102,75
2002,Tiana,102,75
2002,Imogen,101,78
2002,Abby,99,79
2002,Alana,98,80
2002,Katie,97,81
2002,Jordan,95,82
2002,Julia,94,83
2002,Shakira,93,84
2002,Jemma,91,85
2002,Paris,91,85
2002,Maya,87,87
2002,Bethany,85,88
2002,Kaitlyn,84,89
2002,Abigail,83,90
2002,Jennifer,82,91
2002,Annabelle,81,92
2002,Eliza,80,93
2002,Nicole,79,94
2002,Alice,78,95
2002,Gemma,76,96
2002,Caitlyn,74,97
2002,Ellie,73,98
2002,Megan,73,98
2002,Leah,72,100
2001,Emily,747,1
2001,Jessica,727,2
2001,Chloe,604,3
2001,Sarah,561,4
2001,Isabella,483,5
2001,Olivia,472,6
2001,Georgia,460,7
2001,Hannah,434,8
2001,Sophie,432,9
2001,Emma,425,10
2001,Grace,398,11
2001,Caitlin,325,12
2001,Jasmine,310,13
2001,Zoe,283,14
2001,Amy,277,15
2001,Charlotte,276,16
2001,Lauren,273,17
2001,Samantha,261,18
2001,Ella,257,19
2001,Madison,250,20
2001,Jade,235,21
2001,Maddison,232,22
2001,Lily,213,23
2001,Lucy,205,24
2001,Holly,204,25
2001,Ruby,204,25
2001,Mia,202,27
2001,Brooke,195,28
2001,Laura,182,29
2001,Chelsea,181,30
2001,Hayley,179,31
2001,Natasha,178,32
2001,Rebecca,176,33
2001,Amelia,175,34
2001,Elizabeth,175,34
2001,Stephanie,174,36
2001,Courtney,166,37
2001,Kayla,166,37
2001,Amber,164,39
2001,Kate,161,40
2001,Lara,160,41
2001,Claudia,159,42
2001,Natalie,153,43
2001,Erin,152,44
2001,Taylah,152,44
2001,Taylor,152,44
2001,Alexandra,150,47
2001,Alyssa,149,48
2001,Rachel,146,49
2001,Ashleigh,143,50
2001,Tara,140,51
2001,Isabelle,137,52
2001,Abbey,134,53
2001,Anna,132,54
2001,Tahlia,131,55
2001,Brianna,129,56
2001,Phoebe,129,56
2001,Bianca,126,58
2001,Gabrielle,125,59
2001,Kiara,125,59
2001,Madeline,123,61
2001,Tayla,123,61
2001,Ashley,120,63
2001,Ebony,120,63
2001,Claire,119,65
2001,Monique,119,65
2001,Molly,118,67
2001,Jennifer,108,68
2001,Sophia,106,69
2001,Gemma,104,70
2001,Megan,104,70
2001,Angela,103,72
2001,Mikayla,103,72
2001,Victoria,102,74
2001,Bethany,100,75
2001,Paige,100,75
2001,Madeleine,99,77
2001,Julia,98,78
2001,Mackenzie,92,79
2001,Alicia,91,80
2001,Kaitlyn,91,80
2001,Leah,91,80
2001,Paris,90,83
2001,Jasmin,89,84
2001,Abby,88,85
2001,Tiana,88,85
2001,Jemma,85,87
2001,Danielle,84,88
2001,Eliza,84,88
2001,Imogen,83,90
2001,Caitlyn,81,91
2001,Maya,81,91
2001,Vanessa,81,91
2001,Zara,81,91
2001,Nicole,80,95
2001,Annabelle,78,96
2001,Katie,77,97
2001,Alice,76,98
2001,Christina,76,98
2001,Rachael,76,98
2000,Jessica,784,1
2000,Emily,741,2
2000,Sarah,629,3
2000,Georgia,575,4
2000,Olivia,524,5
2000,Chloe,496,6
2000,Emma,461,7
2000,Sophie,449,8
2000,Isabella,426,9
2000,Hannah,417,10
2000,Caitlin,360,11
2000,Grace,318,12
2000,Samantha,309,13
2000,Amy,284,14
2000,Jasmine,281,15
2000,Lauren,273,16
2000,Zoe,261,17
2000,Madison,255,18
2000,Maddison,250,19
2000,Brooke,243,20
2000,Rebecca,237,21
2000,Laura,236,22
2000,Courtney,232,23
2000,Jade,227,24
2000,Chelsea,223,25
2000,Charlotte,210,26
2000,Stephanie,205,27
2000,Hayley,201,28
2000,Ella,200,29
2000,Natasha,198,30
2000,Elizabeth,189,31
2000,Alexandra,187,32
2000,Rachel,187,32
2000,Taylor,182,34
2000,Lucy,180,35
2000,Lily,176,36
2000,Holly,169,37
2000,Ashleigh,168,38
2000,Gabrielle,166,39
2000,Kate,166,39
2000,Anna,165,41
2000,Brianna,164,42
2000,Abbey,163,43
2000,Natalie,162,44
2000,Amelia,161,45
2000,Claudia,161,45
2000,Bianca,157,47
2000,Amber,151,48
2000,Tayla,150,49
2000,Ruby,148,50
2000,Brittany,147,51
2000,Ashley,145,52
2000,Monique,143,53
2000,Molly,142,54
2000,Madeline,139,55
2000,Kayla,136,56
2000,Taylah,136,56
2000,Erin,135,58
2000,Isabelle,135,58
2000,Phoebe,135,58
2000,Tahlia,134,61
2000,Alyssa,133,62
2000,Jennifer,128,63
2000,Kiara,127,64
2000,Claire,124,65
2000,Ebony,122,66
2000,Sophia,122,66
2000,Mia,121,68
2000,Tara,120,69
2000,Julia,119,70
2000,Eliza,117,71
2000,Lara,117,71
2000,Victoria,114,73
2000,Paige,113,74
2000,Madeleine,107,75
2000,Abby,105,76
2000,Megan,102,77
2000,Nicole,98,78
2000,Gemma,97,79
2000,Angela,96,80
2000,Katherine,96,80
2000,Kaitlyn,95,82
2000,Katie,94,83
2000,Mikayla,92,84
2000,Michelle,88,85
2000,Bethany,87,86
2000,Britney,87,86
2000,Breanna,85,88
2000,Katelyn,84,89
2000,Catherine,83,90
2000,Danielle,83,90
2000,Melissa,83,90
2000,Vanessa,83,90
2000,Rachael,81,94
2000,Jordan,80,95
2000,Tiana,80,95
2000,Caitlyn,79,97
2000,Sara,79,97
2000,Alicia,78,99
2000,Annabelle,78,99
1999,Emily,862,1
1999,Jessica,759,2
1999,Sarah,697,3
1999,Chloe,594,4
1999,Olivia,573,5
1999,Georgia,532,6
1999,Emma,480,7
1999,Isabella,401,8
1999,Sophie,386,9
1999,Hannah,378,10
1999,Samantha,337,11
1999,Lauren,321,12
1999,Grace,319,13
1999,Caitlin,314,14
1999,Amy,280,15
1999,Brooke,279,16
1999,Maddison,264,17
1999,Rebecca,261,18
1999,Courtney,259,19
1999,Jasmine,258,20
1999,Laura,258,20
1999,Alexandra,232,22
1999,Chelsea,226,23
1999,Zoe,226,23
1999,Rachel,220,25
1999,Brittany,216,26
1999,Jade,214,27
1999,Stephanie,213,28
1999,Natasha,207,29
1999,Taylor,205,30
1999,Hayley,193,31
1999,Gabrielle,189,32
1999,Elizabeth,188,33
1999,Ashleigh,186,34
1999,Brianna,183,35
1999,Lucy,181,36
1999,Natalie,181,36
1999,Kate,179,38
1999,Charlotte,168,39
1999,Claudia,168,39
1999,Madison,163,41
1999,Lily,157,42
1999,Amelia,156,43
1999,Kayla,153,44
1999,Holly,149,45
1999,Amber,148,46
1999,Ruby,148,46
1999,Madeleine,146,48
1999,Erin,143,49
1999,Kiara,141,50
1999,Tayla,141,50
1999,Ella,134,52
1999,Madeline,132,53
1999,Monique,132,53
1999,Bianca,130,55
1999,Claire,130,55
1999,Taylah,129,57
1999,Anna,128,58
1999,Tahlia,128,58
1999,Paige,127,60
1999,Ashley,126,61
1999,Isabelle,125,62
1999,Victoria,125,62
1999,Nicole,124,64
1999,Tara,122,65
1999,Lara,116,66
1999,Abbey,115,67
1999,Alyssa,115,67
1999,Eliza,113,69
1999,Julia,112,70
1999,Danielle,111,71
1999,Megan,110,72
1999,Mia,110,72
1999,Ebony,109,74
1999,Michelle,109,74
1999,Mikayla,107,76
1999,Angela,106,77
1999,Molly,105,78
1999,Melissa,104,79
1999,Shania,102,80
1999,Jennifer,100,81
1999,Phoebe,99,82
1999,Sophia,97,83
1999,Amanda,95,84
1999,Rachael,95,84
1999,Bethany,92,86
1999,Kaitlyn,91,87
1999,Vanessa,91,87
1999,Britney,90,89
1999,Cassandra,90,89
1999,Katelyn,90,89
1999,Rhiannon,89,92
1999,Alicia,88,93
1999,Caitlyn,88,93
1999,Katie,88,93
1999,Abby,85,96
1999,Breanna,84,97
1999,Paris,81,98
1999,Bronte,80,99
1999,Casey,80,99
1998,Emily,799,1
1998,Jessica,778,2
1998,Sarah,645,3
1998,Chloe,575,4
1998,Emma,537,5
1998,Georgia,460,6
1998,Olivia,408,7
1998,Samantha,404,8
1998,Isabella,348,9
1998,Caitlin,341,10
1998,Hannah,328,11
1998,Courtney,323,12
1998,Maddison,308,13
1998,Brooke,305,14
1998,Sophie,298,15
1998,Amy,296,16
1998,Grace,296,16
1998,Rebecca,291,18
1998,Lauren,279,19
1998,Laura,255,20
1998,Taylor,250,21
1998,Jasmine,249,22
1998,Zoe,242,23
1998,Rachel,238,24
1998,Stephanie,238,24
1998,Alexandra,226,26
1998,Jade,223,27
1998,Natasha,223,27
1998,Chelsea,217,29
1998,Natalie,207,30
1998,Ashleigh,204,31
1998,Gabrielle,198,32
1998,Kate,196,33
1998,Brittany,192,34
1998,Madison,189,35
1998,Elizabeth,181,36
1998,Claudia,180,37
1998,Madeline,180,37
1998,Tayla,177,39
1998,Brianna,174,40
1998,Hayley,167,41
1998,Bianca,166,42
1998,Madeleine,162,43
1998,Lucy,158,44
1998,Erin,156,45
1998,Monique,152,46
1998,Ashley,151,47
1998,Kayla,151,47
1998,Taylah,151,47
1998,Shannon,148,50
1998,Amelia,147,51
1998,Claire,146,52
1998,Holly,144,53
1998,Charlotte,141,54
1998,Abbey,140,55
1998,Lily,136,56
1998,Victoria,133,57
1998,Megan,131,58
1998,Nicole,131,58
1998,Molly,128,60
1998,Paige,128,60
1998,Amber,127,62
1998,Cassandra,127,62
1998,Isabelle,121,64
1998,Rachael,121,64
1998,Tara,120,66
1998,Tahlia,119,67
1998,Melissa,118,68
1998,Danielle,117,69
1998,Anna,113,70
1998,Kaitlyn,112,71
1998,Ruby,112,71
1998,Bethany,108,73
1998,Mia,108,73
1998,Michelle,108,73
1998,Julia,107,76
1998,Shania,107,76
1998,Ebony,106,78
1998,Phoebe,106,78
1998,Eliza,104,80
1998,Mikayla,104,80
1998,Alana,101,82
1998,Jennifer,97,83
1998,Amanda,93,84
1998,Ella,93,84
1998,Jordan,93,84
1998,Katherine,93,84
1998,Katie,92,88
1998,Angela,91,89
1998,Georgina,91,89
1998,Monica,89,91
1998,Bronte,88,92
1998,Nicola,88,92
1998,Gemma,87,94
1998,Vanessa,86,95
1998,Breanna,85,96
1998,Rhiannon,85,96
1998,Alicia,83,98
1998,Caitlyn,83,98
1998,Tiffany,83,98
1997,Jessica,917,1
1997,Emily,767,2
1997,Sarah,670,3
1997,Emma,517,4
1997,Georgia,468,5
1997,Chloe,444,6
1997,Samantha,433,7
1997,Hannah,408,8
1997,Rebecca,382,9
1997,Lauren,378,10
1997,Courtney,368,11
1997,Caitlin,337,12
1997,Isabella,321,13
1997,Amy,318,14
1997,Laura,311,15
1997,Sophie,307,16
1997,Brooke,293,17
1997,Stephanie,291,18
1997,Olivia,287,19
1997,Rachel,283,20
1997,Taylor,274,21
1997,Maddison,256,22
1997,Grace,249,23
1997,Zoe,248,24
1997,Ashleigh,244,25
1997,Alexandra,231,26
1997,Madison,231,26
1997,Brittany,228,28
1997,Jasmine,221,29
1997,Taylah,218,30
1997,Elizabeth,211,31
1997,Madeline,202,32
1997,Kate,201,33
1997,Jade,197,34
1997,Natalie,197,34
1997,Tayla,197,34
1997,Chelsea,196,37
1997,Natasha,192,38
1997,Madeleine,190,39
1997,Nicole,187,40
1997,Kayla,183,41
1997,Ashley,168,42
1997,Claudia,166,43
1997,Brianna,164,44
1997,Holly,159,45
1997,Monique,158,46
1997,Erin,156,47
1997,Megan,152,48
1997,Gabrielle,150,49
1997,Hayley,150,49
1997,Lucy,145,51
1997,Melissa,145,51
1997,Bianca,144,53
1997,Danielle,144,53
1997,Rachael,144,53
1997,Amelia,142,56
1997,Cassandra,141,57
1997,Jordan,138,58
1997,Amber,137,59
1997,Jennifer,136,60
1997,Paige,136,60
1997,Victoria,127,62
1997,Ebony,124,63
1997,Shannon,124,63
1997,Charlotte,122,65
1997,Claire,122,65
1997,Eliza,121,67
1997,Anna,120,68
1997,Michelle,119,69
1997,Rhiannon,116,70
1997,Abbey,113,71
1997,Amanda,109,72
1997,Bethany,108,73
1997,Kaitlyn,107,74
1997,Tahlia,106,75
1997,Angela,105,76
1997,Katie,103,77
1997,Lily,100,78
1997,Mikayla,100,78
1997,Ruby,99,80
1997,Vanessa,98,81
1997,Melanie,96,82
1997,Alicia,95,83
1997,Isabelle,95,83
1997,Julia,95,83
1997,Alana,94,86
1997,Tara,91,87
1997,Katherine,89,88
1997,Monica,88,89
1997,Molly,87,90
1997,Shania,87,90
1997,Alice,85,92
1997,Mia,85,92
1997,Nicola,84,94
1997,Sophia,84,94
1997,Bronte,83,96
1997,Gemma,82,97
1997,Mikaela,82,97
1997,Jacqueline,80,99
1997,Lisa,80,99
1996,Jessica,1073,1
1996,Emily,748,2
1996,Sarah,722,3
1996,Emma,573,4
1996,Samantha,473,5
1996,Lauren,395,6
1996,Georgia,380,7
1996,Chloe,371,8
1996,Rebecca,357,9
1996,Stephanie,352,10
1996,Courtney,345,11
1996,Hannah,331,12
1996,Laura,323,13
1996,Amy,321,14
1996,Maddison,315,15
1996,Caitlin,306,16
1996,Sophie,296,17
1996,Brooke,284,18
1996,Taylor,255,19
1996,Isabella,254,20
1996,Rachel,254,20
1996,Olivia,250,22
1996,Brittany,247,23
1996,Ashleigh,240,24
1996,Alexandra,232,25
1996,Elizabeth,232,25
1996,Tayla,226,27
1996,Natalie,220,28
1996,Grace,218,29
1996,Jasmine,215,30
1996,Zoe,213,31
1996,Kate,204,32
1996,Danielle,203,33
1996,Natasha,202,34
1996,Madeleine,201,35
1996,Jade,199,36
1996,Madison,194,37
1996,Ashley,192,38
1996,Melissa,192,38
1996,Nicole,191,40
1996,Madeline,179,41
1996,Kayla,178,42
1996,Claudia,172,43
1996,Hayley,170,44
1996,Lucy,166,45
1996,Bianca,165,46
1996,Paige,163,47
1996,Brianna,160,48
1996,Holly,154,49
1996,Amanda,152,50
1996,Cassandra,152,50
1996,Chelsea,150,52
1996,Anna,148,53
1996,Erin,148,53
1996,Monique,148,53
1996,Michelle,145,56
1996,Amelia,143,57
1996,Shannon,139,58
1996,Jennifer,137,59
1996,Megan,137,59
1996,Taylah,137,59
1996,Gabrielle,131,62
1996,Eliza,128,63
1996,Jordan,123,64
1996,Victoria,123,64
1996,Angela,121,66
1996,Claire,115,67
1996,Rachael,113,68
1996,Ebony,111,69
1996,Amber,109,70
1996,Katherine,109,70
1996,Tahlia,108,72
1996,Ellen,106,73
1996,Tegan,106,73
1996,Vanessa,106,73
1996,Alana,104,76
1996,Katie,100,77
1996,Melanie,100,77
1996,Renee,98,79
1996,Chantelle,96,80
1996,Christina,96,80
1996,Abbey,95,82
1996,Rhiannon,95,82
1996,Tara,95,82
1996,Lisa,94,85
1996,Molly,92,86
1996,Charlotte,91,87
1996,Jessie,91,87
1996,Naomi,91,87
1996,Gemma,88,90
1996,Julia,88,90
1996,Kimberley,86,92
1996,Isabelle,84,93
1996,Nicola,84,93
1996,Tamara,84,93
1996,Alicia,83,96
1996,Alison,83,96
1996,Bethany,83,96
1996,Alice,82,99
1996,Bronte,82,99
1995,Jessica,1277,1
1995,Emily,812,2
1995,Sarah,778,3
1995,Emma,513,4
1995,Rebecca,484,5
1995,Lauren,475,6
1995,Samantha,456,7
1995,Stephanie,452,8
1995,Laura,382,9
1995,Amy,362,10
1995,Hannah,350,11
1995,Georgia,336,12
1995,Courtney,333,13
1995,Rachel,316,14
1995,Brooke,297,15
1995,Chloe,291,16
1995,Brittany,289,17
1995,Alexandra,286,18
1995,Caitlin,282,19
1995,Nicole,281,20
1995,Ashleigh,280,21
1995,Taylor,273,22
1995,Maddison,263,23
1995,Elizabeth,257,24
1995,Sophie,256,25
1995,Kate,252,26
1995,Olivia,249,27
1995,Grace,242,28
1995,Ashley,223,29
1995,Isabella,219,30
1995,Natalie,214,31
1995,Danielle,207,32
1995,Melissa,206,33
1995,Cassandra,204,34
1995,Madeleine,202,35
1995,Natasha,202,35
1995,Madison,201,37
1995,Jasmine,197,38
1995,Monique,191,39
1995,Kayla,189,40
1995,Zoe,189,40
1995,Jade,185,42
1995,Bianca,180,43
1995,Hayley,179,44
1995,Tayla,177,45
1995,Madeline,174,46
1995,Erin,170,47
1995,Gabrielle,162,48
1995,Holly,161,49
1995,Megan,160,50
1995,Rachael,157,51
1995,Lucy,156,52
1995,Amanda,155,53
1995,Shannon,155,53
1995,Amber,152,55
1995,Amelia,151,56
1995,Anna,140,57
1995,Paige,136,58
1995,Michelle,135,59
1995,Renee,133,60
1995,Chelsea,132,61
1995,Brianna,127,62
1995,Victoria,127,62
1995,Ebony,126,64
1995,Claudia,124,65
1995,Vanessa,120,66
1995,Katie,119,67
1995,Angela,118,68
1995,Kimberley,118,68
1995,Melanie,118,68
1995,Claire,115,71
1995,Tori,115,71
1995,Rhiannon,114,73
1995,Tamara,113,74
1995,Tara,113,74
1995,Taylah,111,76
1995,Jennifer,109,77
1995,Tiffany,109,77
1995,Lisa,105,79
1995,Naomi,105,79
1995,Tegan,105,79
1995,Gemma,104,82
1995,Ashlee,103,83
1995,Charlotte,103,83
1995,Ellen,103,83
1995,Chantelle,102,86
1995,Jacqueline,102,86
1995,Katherine,102,86
1995,Jessie,98,89
1995,Tahlia,97,90
1995,Alice,94,91
1995,Eliza,91,92
1995,Mikaela,91,92
1995,Julia,90,94
1995,Alana,86,95
1995,Alison,86,95
1995,Katelyn,86,95
1995,Casey,85,98
1995,Kelly,85,98
1995,Louise,84,100
1994,Jessica,1196,1
1994,Sarah,827,2
1994,Emily,736,3
1994,Rebecca,561,4
1994,Stephanie,542,5
1994,Emma,522,6
1994,Samantha,481,7
1994,Lauren,467,8
1994,Laura,398,9
1994,Amy,392,10
1994,Hannah,381,11
1994,Courtney,359,12
1994,Georgia,355,13
1994,Rachel,332,14
1994,Brooke,301,15
1994,Caitlin,297,16
1994,Alexandra,295,17
1994,Ashleigh,287,18
1994,Nicole,284,19
1994,Brittany,270,20
1994,Kate,264,21
1994,Natalie,259,22
1994,Melissa,249,23
1994,Elizabeth,247,24
1994,Danielle,239,25
1994,Cassandra,236,26
1994,Chloe,234,27
1994,Olivia,234,27
1994,Ashley,227,29
1994,Sophie,218,30
1994,Natasha,215,31
1994,Kayla,212,32
1994,Taylor,210,33
1994,Maddison,196,34
1994,Amanda,195,35
1994,Hayley,192,36
1994,Madeleine,191,37
1994,Erin,189,38
1994,Megan,185,39
1994,Jade,184,40
1994,Gabrielle,182,41
1994,Bianca,177,42
1994,Tayla,173,43
1994,Grace,170,44
1994,Jennifer,167,45
1994,Michelle,167,45
1994,Jasmine,164,47
1994,Rachael,150,48
1994,Lucy,149,49
1994,Madeline,148,50
1994,Isabella,143,51
1994,Holly,142,52
1994,Kimberley,142,52
1994,Paige,140,54
1994,Tamara,140,54
1994,Zoe,139,56
1994,Brianna,136,57
1994,Chelsea,136,57
1994,Madison,135,59
1994,Tori,135,59
1994,Gemma,134,61
1994,Melanie,134,61
1994,Katie,133,63
1994,Amelia,132,64
1994,Rhiannon,129,65
1994,Anna,128,66
1994,Claire,127,67
1994,Angela,126,68
1994,Tegan,124,69
1994,Ebony,123,70
1994,Ellen,123,70
1994,Lisa,123,70
1994,Tara,123,70
1994,Amber,122,74
1994,Renee,121,75
1994,Jacqueline,119,76
1994,Monique,119,76
1994,Victoria,118,78
1994,Charlotte,117,79
1994,Ashlee,116,80
1994,Katherine,116,80
1994,Vanessa,116,80
1994,Alice,111,83
1994,Claudia,111,83
1994,Naomi,109,85
1994,Shannon,106,86
1994,Chantelle,105,87
1994,Alana,101,88
1994,Tiffany,98,89
1994,Mikaela,97,90
1994,Rebekah,97,90
1994,Georgina,94,92
1994,Casey,91,93
1994,Jessie,91,93
1994,Alison,90,95
1994,Kaitlyn,90,95
1994,Jordan,88,97
1994,Alicia,87,98
1994,Bethany,86,99
1994,Bronte,86,99
1993,Jessica,1315,1
1993,Sarah,838,2
1993,Emily,783,3
1993,Rebecca,637,4
1993,Samantha,583,5
1993,Emma,579,6
1993,Stephanie,560,7
1993,Lauren,470,8
1993,Amy,445,9
1993,Laura,433,10
1993,Hannah,379,11
1993,Rachel,379,11
1993,Ashleigh,335,13
1993,Georgia,318,14
1993,Nicole,318,14
1993,Alexandra,316,16
1993,Brittany,314,17
1993,Melissa,312,18
1993,Natalie,312,18
1993,Elizabeth,289,20
1993,Caitlin,282,21
1993,Courtney,280,22
1993,Brooke,274,23
1993,Kate,263,24
1993,Chloe,254,25
1993,Cassandra,249,26
1993,Ashley,241,27
1993,Danielle,239,28
1993,Amanda,226,29
1993,Michelle,221,30
1993,Natasha,220,31
1993,Hayley,217,32
1993,Olivia,209,33
1993,Megan,204,34
1993,Kayla,201,35
1993,Sophie,200,36
1993,Erin,192,37
1993,Taylor,192,37
1993,Jade,191,39
1993,Lucy,178,40
1993,Grace,175,41
1993,Renee,170,42
1993,Anna,165,43
1993,Jennifer,165,43
1993,Shannon,162,45
1993,Rachael,160,46
1993,Bianca,158,47
1993,Jasmine,158,47
1993,Katie,158,47
1993,Melanie,157,50
1993,Maddison,155,51
1993,Tamara,154,52
1993,Zoe,150,53
1993,Gabrielle,146,54
1993,Madeleine,145,55
1993,Tara,145,55
1993,Paige,144,57
1993,Jacqueline,141,58
1993,Lisa,137,59
1993,Amber,135,60
1993,Katherine,135,60
1993,Angela,130,62
1993,Amelia,126,63
1993,Tayla,126,63
1993,Tegan,126,63
1993,Monique,122,66
1993,Victoria,121,67
1993,Ellen,120,68
1993,Rebekah,119,69
1993,Alana,118,70
1993,Claire,118,70
1993,Kimberley,117,72
1993,Madeline,116,73
1993,Vanessa,115,74
1993,Madison,114,75
1993,Isabella,111,76
1993,Jordan,111,76
1993,Rhiannon,110,78
1993,Gemma,109,79
1993,Holly,109,79
1993,Naomi,105,81
1993,Tori,105,81
1993,Kelly,104,83
1993,Casey,103,84
1993,Chelsea,103,84
1993,Tiffany,103,84
1993,Aimee,101,87
1993,Catherine,99,88
1993,Alice,95,89
1993,Alison,95,89
1993,Ebony,94,91
1993,Brianna,93,92
1993,Elise,93,92
1993,Charlotte,91,94
1993,Kathryn,91,94
1993,Stacey,89,96
1993,Chantelle,86,97
1993,Christina,85,98
1993,Sally,84,99
1993,Alicia,83,100
1992,Jessica,1582,1
1992,Sarah,875,2
1992,Samantha,722,3
1992,Rebecca,709,4
1992,Emily,688,5
1992,Emma,610,6
1992,Stephanie,557,7
1992,Lauren,511,8
1992,Amy,487,9
1992,Laura,453,10
1992,Hannah,393,11
1992,Nicole,379,12
1992,Rachel,367,13
1992,Ashleigh,349,14
1992,Kate,335,15
1992,Melissa,332,16
1992,Natalie,327,17
1992,Alexandra,313,18
1992,Danielle,311,19
1992,Elizabeth,289,20
1992,Amanda,277,21
1992,Hayley,276,22
1992,Natasha,273,23
1992,Chloe,271,24
1992,Cassandra,268,25
1992,Brittany,264,26
1992,Sophie,262,27
1992,Brooke,261,28
1992,Ashley,251,29
1992,Caitlin,239,30
1992,Courtney,233,31
1992,Michelle,232,32
1992,Megan,231,33
1992,Georgia,219,34
1992,Lisa,212,35
1992,Jade,200,36
1992,Olivia,196,37
1992,Kayla,193,38
1992,Erin,184,39
1992,Lucy,182,40
1992,Grace,175,41
1992,Jennifer,169,42
1992,Katherine,169,42
1992,Rachael,168,44
1992,Anna,156,45
1992,Zoe,152,46
1992,Jasmine,150,47
1992,Melanie,149,48
1992,Madeleine,148,49
1992,Amber,138,50
1992,Katie,138,50
1992,Tamara,138,50
1992,Vanessa,138,50
1992,Renee,137,54
1992,Tara,137,54
1992,Bianca,135,56
1992,Jacqueline,133,57
1992,Angela,131,58
1992,Claire,128,59
1992,Tegan,125,60
1992,Amelia,122,61
1992,Paige,120,62
1992,Nicola,119,63
1992,Taylor,119,63
1992,Tiffany,119,63
1992,Madeline,118,66
1992,Charlotte,117,67
1992,Gabrielle,117,67
1992,Rebekah,117,67
1992,Holly,116,70
1992,Alana,115,71
1992,Rhiannon,115,71
1992,Shannon,115,71
1992,Victoria,115,71
1992,Christina,114,75
1992,Ashlee,113,76
1992,Alice,112,77
1992,Chantelle,111,78
1992,Monique,111,78
1992,Stacey,110,80
1992,Ellen,108,81
1992,Christine,107,82
1992,Kelly,107,82
1992,Alicia,106,84
1992,Casey,105,85
1992,Kathryn,105,85
1992,Gemma,103,87
1992,Belinda,98,88
1992,Katrina,98,88
1992,Simone,98,88
1992,Naomi,97,91
1992,Louise,96,92
1992,Julia,95,93
1992,Alison,94,94
1992,Alyssa,92,95
1992,Kimberley,92,95
1992,Kristy,92,95
1992,Ellie,91,98
1992,Maddison,91,98
1992,Elise,89,100
1991,Jessica,1641,1
1991,Sarah,958,2
1991,Rebecca,706,3
1991,Samantha,694,4
1991,Emma,683,5
1991,Emily,615,6
1991,Stephanie,553,7
1991,Lauren,517,8
1991,Amy,422,9
1991,Rachel,413,10
1991,Melissa,412,11
1991,Laura,411,12
1991,Nicole,393,13
1991,Ashleigh,362,14
1991,Kate,337,15
1991,Hannah,328,16
1991,Alexandra,325,17
1991,Natalie,321,18
1991,Hayley,314,19
1991,Amanda,308,20
1991,Elizabeth,304,21
1991,Sophie,285,22
1991,Danielle,278,23
1991,Michelle,257,24
1991,Brooke,255,25
1991,Courtney,236,26
1991,Chloe,235,27
1991,Kayla,234,28
1991,Natasha,228,29
1991,Caitlin,223,30
1991,Ashley,221,31
1991,Megan,204,32
1991,Lisa,203,33
1991,Jade,196,34
1991,Cassandra,195,35
1991,Olivia,193,36
1991,Erin,186,37
1991,Katherine,182,38
1991,Bianca,180,39
1991,Jennifer,179,40
1991,Anna,170,41
1991,Claire,163,42
1991,Georgia,163,42
1991,Lucy,157,44
1991,Rachael,157,44
1991,Grace,149,46
1991,Gemma,138,47
1991,Katie,137,48
1991,Stacey,137,48
1991,Victoria,135,50
1991,Melanie,132,51
1991,Tara,130,52
1991,Alana,129,53
1991,Amelia,126,54
1991,Kimberley,125,55
1991,Vanessa,125,55
1991,Jacqueline,124,57
1991,Angela,123,58
1991,Kelly,122,59
1991,Holly,119,60
1991,Jasmine,119,60
1991,Kirsty,118,62
1991,Tamara,115,63
1991,Louise,113,64
1991,Monique,113,64
1991,Belinda,112,66
1991,Rhiannon,112,66
1991,Catherine,110,68
1991,Alice,109,69
1991,Casey,109,69
1991,Amber,108,71
1991,Kathryn,107,72
1991,Tegan,107,72
1991,Alicia,105,74
1991,Crystal,105,74
1991,Gabrielle,105,74
1991,Nicola,105,74
1991,Zoe,105,74
1991,Tiffany,103,79
1991,Ashlee,99,80
1991,Madeleine,99,80
1991,Christine,97,82
1991,Renee,97,82
1991,Jessie,96,84
1991,Kristy,96,84
1991,Shannon,96,84
1991,Simone,94,87
1991,Elise,93,88
1991,Christina,92,89
1991,Katrina,92,89
1991,Rebekah,91,91
1991,Ellen,89,92
1991,Georgina,89,92
1991,Alison,88,94
1991,Jordan,88,94
1991,Julia,88,94
1991,Brittany,87,97
1991,Chantelle,86,98
1991,Jenna,86,98
1991,Leah,86,98
1990,Jessica,1648,1
1990,Sarah,944,2
1990,Emma,799,3
1990,Samantha,699,4
1990,Rebecca,669,5
1990,Lauren,561,6
1990,Stephanie,535,7
1990,Emily,515,8
1990,Amy,503,9
1990,Nicole,475,10
1990,Laura,468,11
1990,Melissa,459,12
1990,Amanda,396,13
1990,Ashleigh,396,13
1990,Natalie,365,15
1990,Kate,362,16
1990,Hannah,355,17
1990,Rachel,338,18
1990,Alexandra,328,19
1990,Danielle,321,20
1990,Elizabeth,319,21
1990,Hayley,308,22
1990,Michelle,289,23
1990,Ashley,264,24
1990,Sophie,257,25
1990,Lisa,250,26
1990,Chloe,242,27
1990,Kayla,236,28
1990,Cassandra,233,29
1990,Brooke,231,30
1990,Natasha,220,31
1990,Erin,215,32
1990,Jennifer,213,33
1990,Courtney,212,34
1990,Megan,207,35
1990,Jade,190,36
1990,Katherine,185,37
1990,Caitlin,183,38
1990,Bianca,180,39
1990,Claire,169,40
1990,Kimberley,169,40
1990,Anna,165,42
1990,Olivia,164,43
1990,Belinda,153,44
1990,Kristy,153,44
1990,Lucy,152,46
1990,Tara,151,47
1990,Vanessa,151,47
1990,Melanie,149,49
1990,Angela,148,50
1990,Rachael,147,51
1990,Kelly,142,52
1990,Jenna,140,53
1990,Katie,140,53
1990,Tegan,138,55
1990,Grace,136,56
1990,Jacqueline,134,57
1990,Stacey,129,58
1990,Kathryn,126,59
1990,Ashlee,125,60
1990,Jasmine,125,60
1990,Monique,125,60
1990,Catherine,123,63
1990,Victoria,121,64
1990,Amelia,120,65
1990,Casey,119,66
1990,Renee,119,66
1990,Aimee,118,68
1990,Simone,118,68
1990,Georgia,117,70
1990,Amber,116,71
1990,Jessie,115,72
1990,Alana,113,73
1990,Alison,113,73
1990,Louise,111,75
1990,Sally,111,75
1990,Alicia,107,77
1990,Ellen,107,77
1990,Holly,107,77
1990,Tiffany,107,77
1990,Shannon,106,81
1990,Christine,104,82
1990,Chantelle,102,83
1990,Elise,101,84
1990,Madeleine,101,84
1990,Rhiannon,101,84
1990,Katrina,99,87
1990,Alice,97,88
1990,Zoe,97,88
1990,Alyssa,95,90
1990,Christina,95,90
1990,Kirsty,95,90
1990,Gemma,92,93
1990,Kathleen,92,93
1990,Kristen,92,93
1990,Leah,91,96
1990,Charlotte,90,97
1990,Gabrielle,89,98
1990,Georgina,89,98
1990,Paige,89,98
